Date,Price
11-Aug-17,3431
10-Aug-17,3407.9
9-Aug-17,3339.9
8-Aug-17,3415
7-Aug-17,3396.7
6-Aug-17,3227.9
5-Aug-17,3256.4
4-Aug-17,2860
3-Aug-17,2790.3
2-Aug-17,2702
1-Aug-17,2731.2
31-Jul-17,2856
30-Jul-17,2749
29-Jul-17,2714.1
28-Jul-17,2784.8
27-Jul-17,2664.9
26-Jul-17,2525.7
25-Jul-17,2560.9
24-Jul-17,2769.7
23-Jul-17,2747.5
22-Jul-17,2845.7
21-Jul-17,2664
20-Jul-17,2856.3
19-Jul-17,2253.1
18-Jul-17,2302.1
17-Jul-17,2219
16-Jul-17,1924.9
15-Jul-17,1978.6
14-Jul-17,2205.1
13-Jul-17,2329
12-Jul-17,2374.4
11-Jul-17,2282.1
10-Jul-17,2318.3
9-Jul-17,2478
8-Jul-17,2542
7-Jul-17,2479.3
6-Jul-17,2593.1
5-Jul-17,2598.5
4-Jul-17,2582.6
3-Jul-17,2524
2-Jul-17,2445
1-Jul-17,2349.5
30-Jun-17,2420.7
29-Jun-17,2470.1
28-Jun-17,2518.2
27-Jun-17,2521.2
26-Jun-17,2394.6
25-Jun-17,2477.7
24-Jun-17,2502.6
23-Jun-17,2674.9
22-Jun-17,2672.8
21-Jun-17,2621.2
20-Jun-17,2712.2
19-Jun-17,2580.8
18-Jun-17,2491.5
17-Jun-17,2610
16-Jun-17,2437
15-Jun-17,2377.4
14-Jun-17,2395
13-Jun-17,2676.4
12-Jun-17,2571.8
11-Jun-17,2936.3
10-Jun-17,2806
9-Jun-17,2809
8-Jun-17,2782.1
7-Jun-17,2642.6
6-Jun-17,2843.6
5-Jun-17,2636.2
4-Jun-17,2488.2
3-Jun-17,2461
2-Jun-17,2405.9
1-Jun-17,2311.6
31-May-17,2191.8
30-May-17,2146.7
29-May-17,2207.4
28-May-17,2056.6
27-May-17,1972.3
26-May-17,2127.3
25-May-17,2252
24-May-17,2394.8
23-May-17,2249.3
22-May-17,2085.5
21-May-17,2029.2
20-May-17,2059.7
19-May-17,1966.5
18-May-17,1941.5
17-May-17,1870
16-May-17,1785.7
15-May-17,1772.5
14-May-17,1828.1
13-May-17,1820.4
12-May-17,1735
11-May-17,1853.9
10-May-17,1796.8
9-May-17,1760
8-May-17,1703.2
7-May-17,1619.9
6-May-17,1597.1
5-May-17,1545.1
4-May-17,1607.1
3-May-17,1617.8
2-May-17,1560
1-May-17,1533.1
30-Apr-17,1435.2
29-Apr-17,1423.6
28-Apr-17,1415.6
27-Apr-17,1440.3
26-Apr-17,1399.3
25-Apr-17,1370.3
24-Apr-17,1345
23-Apr-17,1355.2
22-Apr-17,1347.5
21-Apr-17,1325.6
20-Apr-17,1308.4
19-Apr-17,1260.5
18-Apr-17,1265.4
17-Apr-17,1240
16-Apr-17,1212
15-Apr-17,1193.3
14-Apr-17,1206.8
13-Apr-17,1187
12-Apr-17,1227.4
11-Apr-17,1235.6
10-Apr-17,1220.3
9-Apr-17,1215.9
8-Apr-17,1188.1
7-Apr-17,1196.6
6-Apr-17,1191.5
5-Apr-17,1140.6
4-Apr-17,1145
3-Apr-17,1150.2
2-Apr-17,1107.6
1-Apr-17,1093.2
31-Mar-17,1081.7
30-Mar-17,1041
29-Mar-17,1041.8
28-Mar-17,1044.7
27-Mar-17,1042.7
26-Mar-17,969
25-Mar-17,972.2
24-Mar-17,943.1
23-Mar-17,1033
22-Mar-17,1039.1
21-Mar-17,1115
20-Mar-17,1039
19-Mar-17,1016.1
18-Mar-17,971
17-Mar-17,1068.4
16-Mar-17,1169
15-Mar-17,1256.1
14-Mar-17,1245
13-Mar-17,1238.5
12-Mar-17,1225.2
11-Mar-17,1172.8
10-Mar-17,1113.6
9-Mar-17,1190.4
8-Mar-17,1149.3
7-Mar-17,1232.4
6-Mar-17,1279.3
5-Mar-17,1278.4
4-Mar-17,1267.8
3-Mar-17,1288.2
2-Mar-17,1262.3
1-Mar-17,1232.8
28-Feb-17,1189.1
27-Feb-17,1195.5
26-Feb-17,1178.3
25-Feb-17,1153
24-Feb-17,1185.1
23-Feb-17,1190.9
22-Feb-17,1125.3
21-Feb-17,1129.6
20-Feb-17,1091.2
19-Feb-17,1056.2
18-Feb-17,1059.8
17-Feb-17,1056.2
16-Feb-17,1038.4
15-Feb-17,1013.8
14-Feb-17,1013.7
13-Feb-17,996.5
12-Feb-17,996
11-Feb-17,1000.3
10-Feb-17,992
9-Feb-17,985
8-Feb-17,1048.8
7-Feb-17,1052.1
6-Feb-17,1022.6
5-Feb-17,1006.6
4-Feb-17,1031.1
3-Feb-17,1015.7
2-Feb-17,1005.7
1-Feb-17,983.7
31-Jan-17,966.2
30-Jan-17,917.4
29-Jan-17,912.6
28-Jan-17,919.4
27-Jan-17,916.7
26-Jan-17,915.1
25-Jan-17,893.3
24-Jan-17,886.1
23-Jan-17,910
22-Jan-17,923.7
21-Jan-17,924
20-Jan-17,896
19-Jan-17,900.3
18-Jan-17,887.8
17-Jan-17,904
16-Jan-17,830.1
15-Jan-17,820.7
14-Jan-17,815.3
13-Jan-17,828.1
12-Jan-17,804.6
11-Jan-17,778.6
10-Jan-17,905.8
9-Jan-17,903
8-Jan-17,915.9
7-Jan-17,908.8
6-Jan-17,898
5-Jan-17,1003.2
4-Jan-17,1139.6
3-Jan-17,1037.5
2-Jan-17,1019.3
1-Jan-17,999
31-Dec-16,966.6
30-Dec-16,959.3
29-Dec-16,972.6
28-Dec-16,981.7
27-Dec-16,936.3
26-Dec-16,906.4
25-Dec-16,898
24-Dec-16,895.2
23-Dec-16,919
22-Dec-16,859.2
21-Dec-16,830
20-Dec-16,798
19-Dec-16,790.6
18-Dec-16,790.2
17-Dec-16,791
16-Dec-16,784.2
15-Dec-16,777.4
14-Dec-16,774.5
13-Dec-16,775
12-Dec-16,778
11-Dec-16,770.2
10-Dec-16,772.9
9-Dec-16,770.5
8-Dec-16,765
7-Dec-16,765
6-Dec-16,757.4
5-Dec-16,750.6
4-Dec-16,768.5
3-Dec-16,765.3
2-Dec-16,774.9
1-Dec-16,755.4
30-Nov-16,739
29-Nov-16,731
28-Nov-16,731.5
27-Nov-16,725
26-Nov-16,731.2
25-Nov-16,740.4
24-Nov-16,737.7
23-Nov-16,742
22-Nov-16,750
21-Nov-16,739
20-Nov-16,729.7
19-Nov-16,752.9
18-Nov-16,754
17-Nov-16,740.7
16-Nov-16,745
15-Nov-16,712.2
14-Nov-16,707.4
31-Oct-16,704.1
30-Oct-16,702.5
29-Oct-16,714.5
28-Oct-16,693.5
27-Oct-16,688.7
26-Oct-16,678.7
25-Oct-16,659.5
24-Oct-16,654.7
23-Oct-16,659
22-Oct-16,665
21-Oct-16,636.7
20-Oct-16,632.5
19-Oct-16,631.8
18-Oct-16,638.8
17-Oct-16,639.8
16-Oct-16,644.2
15-Oct-16,640.2
14-Oct-16,643
13-Oct-16,637
12-Oct-16,637.6
11-Oct-16,641.7
10-Oct-16,618.9
9-Oct-16,616.6
8-Oct-16,620.5
7-Oct-16,620.1
6-Oct-16,613.5
5-Oct-16,614.1
4-Oct-16,611
3-Oct-16,612.6
2-Oct-16,609.1
1-Oct-16,614.1
30-Sep-16,611.1
29-Sep-16,604.6
28-Sep-16,603.8
27-Sep-16,605.5
26-Sep-16,609.1
25-Sep-16,600.4
24-Sep-16,602.5
23-Sep-16,603.3
22-Sep-16,597.1
21-Sep-16,597.4
20-Sep-16,600
19-Sep-16,609.8
18-Sep-16,613
17-Sep-16,607.7
16-Sep-16,610
15-Sep-16,611.8
14-Sep-16,613.9
13-Sep-16,614.2
12-Sep-16,611.6
11-Sep-16,612.1
10-Sep-16,628
9-Sep-16,626.3
8-Sep-16,631.7
7-Sep-16,619.8
6-Sep-16,615.2
5-Sep-16,611.5
4-Sep-16,614.5
3-Sep-16,609.9
2-Sep-16,579.8
1-Sep-16,572.7
31-Aug-16,576.2
30-Aug-16,579.5
29-Aug-16,574.8
28-Aug-16,574.2
27-Aug-16,568.5
26-Aug-16,578
25-Aug-16,577.2
24-Aug-16,580.3
23-Aug-16,583.5
22-Aug-16,588
21-Aug-16,581.4
20-Aug-16,582
19-Aug-16,573.5
18-Aug-16,572.2
17-Aug-16,571.8
16-Aug-16,574.2
15-Aug-16,564.6
14-Aug-16,569.4
13-Aug-16,583.7
12-Aug-16,585.5
11-Aug-16,591.3
10-Aug-16,590.3
9-Aug-16,604.1
8-Aug-16,604.1
7-Aug-16,604.1
2-Aug-16,604
1-Aug-16,608
31-Jul-16,623.7
30-Jul-16,655
29-Jul-16,658.3
27-Jul-16,654.5
26-Jul-16,648.5
25-Jul-16,654.2
24-Jul-16,661.8
23-Jul-16,654
22-Jul-16,648
21-Jul-16,665
20-Jul-16,665.8
19-Jul-16,675
18-Jul-16,674.3
17-Jul-16,683.2
16-Jul-16,665.3
15-Jul-16,665.5
14-Jul-16,659.8
13-Jul-16,653.7
12-Jul-16,667.2
11-Jul-16,648
10-Jul-16,649.7
9-Jul-16,648.1
8-Jul-16,664.8
7-Jul-16,640.5
6-Jul-16,677
5-Jul-16,667.8
4-Jul-16,681.3
3-Jul-16,659.3
2-Jul-16,705
1-Jul-16,674.8
30-Jun-16,674.7
29-Jun-16,639.7
28-Jun-16,646.3
27-Jun-16,662.2
26-Jun-16,627.4
25-Jun-16,664.9
24-Jun-16,666
23-Jun-16,625.8
22-Jun-16,606
21-Jun-16,668.9
20-Jun-16,743.9
19-Jun-16,767.3
18-Jun-16,757.6
17-Jun-16,748.7
16-Jun-16,769.5
15-Jun-16,696.9
14-Jun-16,684.5
13-Jun-16,705.9
12-Jun-16,671
11-Jun-16,614.5
10-Jun-16,580.1
9-Jun-16,575.5
8-Jun-16,583
7-Jun-16,576.9
6-Jun-16,585.2
5-Jun-16,574
4-Jun-16,572.7
3-Jun-16,570.9
2-Jun-16,538.8
1-Jun-16,536.8
31-May-16,530.7
30-May-16,532.9
29-May-16,531
28-May-16,527
27-May-16,472
26-May-16,454
25-May-16,449.1
24-May-16,445
23-May-16,443.7
22-May-16,437.5
21-May-16,440.8
20-May-16,441.6
19-May-16,435
18-May-16,453.5
17-May-16,453.2
16-May-16,453
15-May-16,457.9
14-May-16,455.8
13-May-16,455.8
12-May-16,455
11-May-16,452.3
10-May-16,450.7
9-May-16,461.6
8-May-16,459.9
7-May-16,460.2
6-May-16,461.2
5-May-16,448.4
4-May-16,447.4
3-May-16,450.4
2-May-16,443.7
1-May-16,451.1
30-Apr-16,446.6
29-Apr-16,455.3
28-Apr-16,450.5
27-Apr-16,445.1
26-Apr-16,468.1
25-Apr-16,461.8
24-Apr-16,463
23-Apr-16,453.7
22-Apr-16,447.8
21-Apr-16,452
20-Apr-16,444
19-Apr-16,437.8
18-Apr-16,430
17-Apr-16,428.5
16-Apr-16,432
15-Apr-16,431.5
14-Apr-16,426
13-Apr-16,424.8
12-Apr-16,426.6
11-Apr-16,423.7
10-Apr-16,421.3
9-Apr-16,418.5
8-Apr-16,418.5
7-Apr-16,422.3
6-Apr-16,422.6
5-Apr-16,423.8
4-Apr-16,420.5
3-Apr-16,420.6
2-Apr-16,420.3
1-Apr-16,417.6
31-Mar-16,416
30-Mar-16,413.2
29-Mar-16,415.8
28-Mar-16,424.1
27-Mar-16,427.4
26-Mar-16,416.7
25-Mar-16,416
24-Mar-16,415.3
23-Mar-16,418.1
22-Mar-16,417.7
21-Mar-16,411.9
20-Mar-16,411.3
19-Mar-16,408.4
18-Mar-16,407.7
17-Mar-16,418.8
16-Mar-16,417.3
15-Mar-16,415.5
14-Mar-16,416
13-Mar-16,411.8
12-Mar-16,410
11-Mar-16,420.5
10-Mar-16,416.5
9-Mar-16,412.9
8-Mar-16,411.4
7-Mar-16,412.7
6-Mar-16,403.9
5-Mar-16,397.4
4-Mar-16,408.8
3-Mar-16,420.6
2-Mar-16,422.2
1-Mar-16,434.8
29-Feb-16,439.2
28-Feb-16,434.5
27-Feb-16,434.2
26-Feb-16,435.3
25-Feb-16,424.9
24-Feb-16,426.4
23-Feb-16,421.1
22-Feb-16,440.3
21-Feb-16,440.5
20-Feb-16,438.7
19-Feb-16,420
18-Feb-16,421.5
17-Feb-16,414.9
16-Feb-16,407.3
15-Feb-16,399.9
14-Feb-16,408.3
13-Feb-16,393
12-Feb-16,383
11-Feb-16,378
10-Feb-16,380.9
9-Feb-16,374
8-Feb-16,370.5
7-Feb-16,372
6-Feb-16,373.8
5-Feb-16,386.5
4-Feb-16,389.8
3-Feb-16,369
2-Feb-16,372.9
1-Feb-16,371.4
31-Jan-16,365.5
30-Jan-16,377
29-Jan-16,377.6
28-Jan-16,378.4
27-Jan-16,395
26-Jan-16,391.3
25-Jan-16,391
24-Jan-16,402.8
23-Jan-16,385.6
22-Jan-16,381
21-Jan-16,411
20-Jan-16,419.4
19-Jan-16,379
18-Jan-16,387
17-Jan-16,382.1
16-Jan-16,388.4
15-Jan-16,358.9
14-Jan-16,429.3
13-Jan-16,431.1
12-Jan-16,432
11-Jan-16,449.3
10-Jan-16,449.4
9-Jan-16,449.2
8-Jan-16,454
7-Jan-16,459
6-Jan-16,428
5-Jan-16,431.8
4-Jan-16,432.9
3-Jan-16,428.7
2-Jan-16,432.7
1-Jan-16,434
31-Dec-15,429
30-Dec-15,424.7
29-Dec-15,431.9
28-Dec-15,420.2
27-Dec-15,422.4
26-Dec-15,416.5
25-Dec-15,455.5
24-Dec-15,456.1
23-Dec-15,442.6
22-Dec-15,435.6
21-Dec-15,437.9
20-Dec-15,442.6
19-Dec-15,462.5
18-Dec-15,463.5
17-Dec-15,455.8
16-Dec-15,455
15-Dec-15,466.5
14-Dec-15,442.6
13-Dec-15,433
12-Dec-15,435.7
11-Dec-15,456.3
10-Dec-15,414.9
9-Dec-15,418.7
8-Dec-15,420.8
7-Dec-15,396.7
6-Dec-15,390.6
5-Dec-15,390
4-Dec-15,363.2
3-Dec-15,360.7
2-Dec-15,359.1
1-Dec-15,362.7
30-Nov-15,376.9
29-Nov-15,373.3
28-Nov-15,358.7
27-Nov-15,358.9
26-Nov-15,354
25-Nov-15,329.9
24-Nov-15,320.1
23-Nov-15,323.6
22-Nov-15,324.7
21-Nov-15,327.5
20-Nov-15,322.2
19-Nov-15,326.5
18-Nov-15,336
17-Nov-15,336.3
16-Nov-15,332.1
15-Nov-15,321.1
14-Nov-15,333.4
13-Nov-15,338.5
12-Nov-15,336.6
11-Nov-15,314
10-Nov-15,340.2
9-Nov-15,381
8-Nov-15,374
7-Nov-15,384.6
6-Nov-15,375.6
5-Nov-15,388
4-Nov-15,409.2
3-Nov-15,405.3
2-Nov-15,365
1-Nov-15,330.7
31-Oct-15,316
30-Oct-15,328.2
29-Oct-15,314.9
28-Oct-15,304.5
27-Oct-15,295.2
26-Oct-15,287.2
25-Oct-15,284.8
24-Oct-15,284.2
23-Oct-15,279.2
22-Oct-15,275.8
21-Oct-15,267.8
20-Oct-15,271
19-Oct-15,265
18-Oct-15,265
17-Oct-15,272.9
16-Oct-15,263.5
15-Oct-15,255.2
14-Oct-15,253.5
13-Oct-15,251.3
12-Oct-15,246.1
11-Oct-15,247.9
10-Oct-15,246
9-Oct-15,244.8
8-Oct-15,243
7-Oct-15,244.2
6-Oct-15,247.4
5-Oct-15,242
4-Oct-15,239.5
3-Oct-15,239.8
2-Oct-15,237.9
1-Oct-15,238.5
30-Sep-15,236.5
29-Sep-15,236.8
28-Sep-15,240.4
27-Sep-15,233.4
26-Sep-15,234.6
25-Sep-15,235.3
24-Sep-15,234.6
23-Sep-15,230.5
22-Sep-15,231.3
21-Sep-15,227.2
20-Sep-15,232.1
19-Sep-15,232.1
18-Sep-15,233.8
17-Sep-15,233.6
16-Sep-15,229
15-Sep-15,230.9
14-Sep-15,230.9
13-Sep-15,231
12-Sep-15,235.8
11-Sep-15,240.6
10-Sep-15,239.5
9-Sep-15,238.9
8-Sep-15,244.2
7-Sep-15,240.9
6-Sep-15,241
5-Sep-15,235.8
4-Sep-15,230.9
3-Sep-15,227.3
2-Sep-15,229.7
1-Sep-15,228.2
31-Aug-15,231.4
30-Aug-15,230
29-Aug-15,230.8
28-Aug-15,231.8
27-Aug-15,225.8
26-Aug-15,226.2
25-Aug-15,222.7
24-Aug-15,210.5
23-Aug-15,228.5
22-Aug-15,230.3
21-Aug-15,232.2
20-Aug-15,235.5
19-Aug-15,226.2
18-Aug-15,183
17-Aug-15,258.5
16-Aug-15,259.9
15-Aug-15,262.1
14-Aug-15,266.1
13-Aug-15,264.5
12-Aug-15,267.1
11-Aug-15,272
10-Aug-15,265.1
9-Aug-15,265.6
8-Aug-15,261.3
7-Aug-15,280.1
6-Aug-15,279.1
5-Aug-15,282.6
4-Aug-15,285.5
3-Aug-15,281.3
2-Aug-15,282.5
1-Aug-15,280.3
31-Jul-15,284.5
30-Jul-15,288.2
29-Jul-15,289.9
28-Jul-15,295.2
27-Jul-15,294.8
26-Jul-15,293
25-Jul-15,289.4
24-Jul-15,288.6
23-Jul-15,276.5
22-Jul-15,278
21-Jul-15,275.8
20-Jul-15,280.3
19-Jul-15,275
18-Jul-15,277.3
17-Jul-15,279.9
16-Jul-15,278.9
15-Jul-15,285.4
14-Jul-15,286.9
13-Jul-15,292.6
12-Jul-15,311.1
10-Jul-15,286.7
9-Jul-15,269.2
8-Jul-15,270.8
7-Jul-15,265.5
6-Jul-15,274.8
5-Jul-15,265.2
4-Jul-15,260.6
3-Jul-15,256
2-Jul-15,254.5
1-Jul-15,258.1
30-Jun-15,262.9
29-Jun-15,256.7
28-Jun-15,248.7
27-Jun-15,251.6
26-Jun-15,243.3
25-Jun-15,242.1
24-Jun-15,239.8
23-Jun-15,244.3
22-Jun-15,246.7
21-Jun-15,244.3
20-Jun-15,245.4
19-Jun-15,244.6
18-Jun-15,249.5
17-Jun-15,248.9
16-Jun-15,252.1
15-Jun-15,237
14-Jun-15,233.5
13-Jun-15,232.9
12-Jun-15,229.4
11-Jun-15,229.8
10-Jun-15,228.6
9-Jun-15,229.1
8-Jun-15,228.8
7-Jun-15,223.3
6-Jun-15,225.6
5-Jun-15,224.5
4-Jun-15,223.2
3-Jun-15,225.1
2-Jun-15,224.7
1-Jun-15,222
31-May-15,228.7
30-May-15,232.5
29-May-15,236.5
28-May-15,236.9
27-May-15,236.9
26-May-15,237.4
25-May-15,237.1
24-May-15,240.9
23-May-15,238.8
22-May-15,241
21-May-15,235.3
20-May-15,234.2
19-May-15,231.7
18-May-15,232.8
17-May-15,236.2
16-May-15,235.7
15-May-15,237.3
14-May-15,236.7
13-May-15,235.8
12-May-15,241.8
11-May-15,242.5
10-May-15,240.6
9-May-15,242.5
8-May-15,244.5
7-May-15,237.3
6-May-15,229.3
5-May-15,235.9
4-May-15,238.5
3-May-15,240.7
2-May-15,234.8
1-May-15,231.8
30-Apr-15,236.1
29-Apr-15,225.2
28-Apr-15,225.3
27-Apr-15,227.7
26-Apr-15,219.7
25-Apr-15,226.1
24-Apr-15,231.4
23-Apr-15,236
22-Apr-15,234.1
21-Apr-15,235.8
20-Apr-15,224.2
19-Apr-15,222.2
18-Apr-15,223.1
17-Apr-15,222.4
16-Apr-15,228.5
15-Apr-15,224
14-Apr-15,220.2
13-Apr-15,225
12-Apr-15,236.4
11-Apr-15,236.9
10-Apr-15,236.1
9-Apr-15,243.6
8-Apr-15,244.9
7-Apr-15,253.7
6-Apr-15,255.6
5-Apr-15,260.5
4-Apr-15,253.6
3-Apr-15,254.2
2-Apr-15,253.2
1-Apr-15,246.9
31-Mar-15,244.3
30-Mar-15,247.9
29-Mar-15,242.4
28-Mar-15,252.9
27-Mar-15,246.5
26-Mar-15,249.2
25-Mar-15,245.9
24-Mar-15,246
23-Mar-15,267.2
22-Mar-15,268.8
21-Mar-15,260.5
20-Mar-15,262.2
19-Mar-15,261.9
18-Mar-15,257.3
17-Mar-15,285.3
16-Mar-15,291.2
15-Mar-15,286.9
14-Mar-15,282.6
13-Mar-15,283.3
12-Mar-15,295.6
11-Mar-15,296.7
10-Mar-15,292.7
9-Mar-15,291
8-Mar-15,275.6
7-Mar-15,277
6-Mar-15,273.2
5-Mar-15,277.7
4-Mar-15,273.3
3-Mar-15,283.8
2-Mar-15,277.3
1-Mar-15,262.4
28-Feb-15,255.7
27-Feb-15,255
26-Feb-15,236.9
25-Feb-15,238
24-Feb-15,239.7
23-Feb-15,239.4
22-Feb-15,236.5
21-Feb-15,245.6
20-Feb-15,244.5
19-Feb-15,240.2
18-Feb-15,236.3
17-Feb-15,244
16-Feb-15,233.6
15-Feb-15,235.9
14-Feb-15,257.2
13-Feb-15,236.1
12-Feb-15,222.4
11-Feb-15,219.8
10-Feb-15,220.9
9-Feb-15,221.1
8-Feb-15,224
7-Feb-15,229
6-Feb-15,223.2
5-Feb-15,216.8
4-Feb-15,227.1
3-Feb-15,228.6
2-Feb-15,237.8
1-Feb-15,229
31-Jan-15,218.4
30-Jan-15,229.1
29-Jan-15,235
28-Jan-15,236.1
27-Jan-15,263.6
26-Jan-15,274.5
25-Jan-15,254.5
24-Jan-15,240
23-Jan-15,235
22-Jan-15,226.3
21-Jan-15,225.5
20-Jan-15,218
19-Jan-15,213.2
18-Jan-15,209.9
17-Jan-15,201.2
16-Jan-15,206.7
15-Jan-15,217.7
14-Jan-15,183.2
13-Jan-15,229.8
12-Jan-15,267.6
11-Jan-15,266.2
10-Jan-15,275
9-Jan-15,292.8
8-Jan-15,285.6
7-Jan-15,297
6-Jan-15,285.4
5-Jan-15,273.2
4-Jan-15,258.8
3-Jan-15,282
2-Jan-15,315.1
1-Jan-15,313.9
31-Dec-14,317
30-Dec-14,308.8
29-Dec-14,311.9
28-Dec-14,317.5
27-Dec-14,315.9
26-Dec-14,328.5
25-Dec-14,319
24-Dec-14,322.8
23-Dec-14,332.9
22-Dec-14,329
21-Dec-14,317.2
20-Dec-14,329.1
19-Dec-14,315.7
18-Dec-14,308.3
17-Dec-14,318.2
16-Dec-14,330.6
15-Dec-14,347.2
14-Dec-14,352.7
13-Dec-14,350.9
12-Dec-14,352.8
11-Dec-14,350
10-Dec-14,346.9
9-Dec-14,353.9
8-Dec-14,363.3
7-Dec-14,374.4
6-Dec-14,372.8
5-Dec-14,378.4
4-Dec-14,370.3
3-Dec-14,375.7
2-Dec-14,382
1-Dec-14,377.6
30-Nov-14,376.7
29-Nov-14,374.5
28-Nov-14,375.6
27-Nov-14,369.6
26-Nov-14,367.9
25-Nov-14,375.8
24-Nov-14,373.2
23-Nov-14,360.6
22-Nov-14,346.4
21-Nov-14,349.3
20-Nov-14,355.9
19-Nov-14,379.2
18-Nov-14,370
17-Nov-14,387.6
16-Nov-14,388.2
15-Nov-14,376.5
14-Nov-14,399.1
13-Nov-14,419.4
12-Nov-14,417.9
11-Nov-14,367
10-Nov-14,368
9-Nov-14,360
8-Nov-14,345
7-Nov-14,341.5
6-Nov-14,348.5
5-Nov-14,337.5
4-Nov-14,326.9
3-Nov-14,323.6
2-Nov-14,322.5
1-Nov-14,327.2
31-Oct-14,337
30-Oct-14,343.9
29-Oct-14,333.2
28-Oct-14,353.1
27-Oct-14,350.6
26-Oct-14,350
25-Oct-14,347.4
24-Oct-14,356.1
23-Oct-14,356
22-Oct-14,380
21-Oct-14,382.8
20-Oct-14,381
19-Oct-14,386.3
18-Oct-14,390
17-Oct-14,380.3
16-Oct-14,379.3
15-Oct-14,393.5
14-Oct-14,397.9
13-Oct-14,383.4
12-Oct-14,372
11-Oct-14,361.3
10-Oct-14,359.5
9-Oct-14,363.5
8-Oct-14,350
7-Oct-14,331
6-Oct-14,323.8
5-Oct-14,322.5
4-Oct-14,328.7
3-Oct-14,357.7
2-Oct-14,371.7
1-Oct-14,383
30-Sep-14,387.1
29-Sep-14,369.6
28-Sep-14,374.7
27-Sep-14,397.3
26-Sep-14,403
25-Sep-14,409.1
24-Sep-14,420.4
23-Sep-14,429.1
22-Sep-14,397.7
21-Sep-14,400.7
20-Sep-14,411.6
19-Sep-14,395.3
18-Sep-14,427.2
17-Sep-14,456.8
16-Sep-14,465.1
15-Sep-14,469.9
14-Sep-14,476.5
13-Sep-14,478.1
12-Sep-14,471.8
11-Sep-14,477.1
10-Sep-14,477.3
9-Sep-14,472.7
8-Sep-14,470.4
7-Sep-14,479.7
6-Sep-14,481.3
5-Sep-14,477.6
4-Sep-14,489.2
3-Sep-14,474
2-Sep-14,476.8
1-Sep-14,485.8
31-Aug-14,483.4
30-Aug-14,499
29-Aug-14,507.5
28-Aug-14,507.8
27-Aug-14,511
26-Aug-14,508.4
25-Aug-14,502.5
24-Aug-14,507.3
23-Aug-14,500.1
22-Aug-14,515.6
21-Aug-14,515.9
20-Aug-14,517
19-Aug-14,490.3
18-Aug-14,478.2
17-Aug-14,501.3
16-Aug-14,527.2
15-Aug-14,506.2
14-Aug-14,510
13-Aug-14,549
12-Aug-14,566
11-Aug-14,572.5
10-Aug-14,580
9-Aug-14,583.3
8-Aug-14,586.4
7-Aug-14,582.3
6-Aug-14,577.5
5-Aug-14,575
4-Aug-14,581.1
3-Aug-14,582.1
2-Aug-14,587.8
1-Aug-14,594.9
31-Jul-14,579
30-Jul-14,551
29-Jul-14,575
28-Jul-14,586.4
27-Jul-14,590.5
26-Jul-14,594
25-Jul-14,598
24-Jul-14,600.3
23-Jul-14,617.2
22-Jul-14,612.6
21-Jul-14,619.8
20-Jul-14,618.9
19-Jul-14,625.3
18-Jul-14,627.5
17-Jul-14,627.6
16-Jul-14,621
15-Jul-14,620.9
14-Jul-14,622.4
13-Jul-14,624
12-Jul-14,626
11-Jul-14,625.5
10-Jul-14,610
9-Jul-14,620.2
8-Jul-14,618.5
7-Jul-14,624
6-Jul-14,633.3
5-Jul-14,630
4-Jul-14,632.2
3-Jul-14,643.6
2-Jul-14,647.9
1-Jul-14,650.8
30-Jun-14,640
29-Jun-14,603.7
28-Jun-14,600.1
27-Jun-14,606.2
26-Jun-14,577.9
25-Jun-14,568.1
24-Jun-14,587.3
23-Jun-14,599.3
22-Jun-14,607.8
21-Jun-14,601.6
20-Jun-14,601
19-Jun-14,602
18-Jun-14,611.5
17-Jun-14,614.3
16-Jun-14,580
15-Jun-14,571
14-Jun-14,554.4
13-Jun-14,582.6
12-Jun-14,590
11-Jun-14,637.1
10-Jun-14,653.6
9-Jun-14,653.7
8-Jun-14,662.3
7-Jun-14,663
6-Jun-14,655
5-Jun-14,663.3
4-Jun-14,652.3
3-Jun-14,682.9
2-Jun-14,669.5
1-Jun-14,646.5
31-May-14,635.6
30-May-14,629
29-May-14,573
28-May-14,577
27-May-14,570
26-May-14,575
25-May-14,566.2
24-May-14,502.3
23-May-14,509.5
22-May-14,502.3
21-May-14,477.6
20-May-14,476
19-May-14,439
18-May-14,438.8
17-May-14,442
16-May-14,442.3
15-May-14,442
14-May-14,444
13-May-14,437.3
12-May-14,440
11-May-14,432
10-May-14,451.1
9-May-14,446
8-May-14,442.8
7-May-14,438
6-May-14,430
5-May-14,427
4-May-14,430.9
3-May-14,440.5
2-May-14,453.5
1-May-14,459
30-Apr-14,448.3
29-Apr-14,434
28-Apr-14,448
27-Apr-14,441.5
26-Apr-14,459
25-Apr-14,460
24-Apr-14,497.5
23-Apr-14,490.2
22-Apr-14,488
21-Apr-14,497
20-Apr-14,512.5
19-Apr-14,505
18-Apr-14,490.5
17-Apr-14,500.7
16-Apr-14,522.3
15-Apr-14,515
14-Apr-14,459
13-Apr-14,404.2
12-Apr-14,415
11-Apr-14,416.3
10-Apr-14,370
9-Apr-14,442.5
8-Apr-14,448.8
7-Apr-14,454.2
6-Apr-14,453.7
5-Apr-14,460.8
4-Apr-14,450
3-Apr-14,448.8
2-Apr-14,443.3
1-Apr-14,482.8
31-Mar-14,452
30-Mar-14,464.1
29-Mar-14,491.9
28-Mar-14,497.4
27-Mar-14,498.5
26-Mar-14,595
25-Mar-14,582
24-Mar-14,590
23-Mar-14,566.2
22-Mar-14,560
21-Mar-14,568.8
20-Mar-14,583.5
19-Mar-14,611
18-Mar-14,618.4
17-Mar-14,624.3
16-Mar-14,635
15-Mar-14,641.6
14-Mar-14,630
13-Mar-14,642
12-Mar-14,650
11-Mar-14,615
10-Mar-14,615
9-Mar-14,621
8-Mar-14,614.1
7-Mar-14,621
6-Mar-14,663
5-Mar-14,675
4-Mar-14,668
3-Mar-14,658
2-Mar-14,560.6
1-Mar-14,568.2
28-Feb-14,565
27-Feb-14,579
26-Feb-14,582
25-Feb-14,515
24-Feb-14,562.4
23-Feb-14,619
22-Feb-14,595.2
21-Feb-14,568
20-Feb-14,578.9
19-Feb-14,630.4
18-Feb-14,628
17-Feb-14,663.8
16-Feb-14,608
15-Feb-14,653.4
14-Feb-14,682
13-Feb-14,634.3
12-Feb-14,685
11-Feb-14,658.9
10-Feb-14,706.3
9-Feb-14,710
8-Feb-14,690
7-Feb-14,720
6-Feb-14,771.6
5-Feb-14,791
4-Feb-14,813
3-Feb-14,810
1-Feb-14,814.6
31-Jan-14,800
30-Jan-14,803.9
29-Jan-14,800
28-Jan-14,795
27-Jan-14,760.3
26-Jan-14,809.7
25-Jan-14,810
24-Jan-14,781.9
23-Jan-14,816.2
22-Jan-14,807
21-Jan-14,810
20-Jan-14,823.4
19-Jan-14,830
18-Jan-14,800
17-Jan-14,789
16-Jan-14,824
15-Jan-14,839.7
14-Jan-14,826.9
13-Jan-14,818.4
12-Jan-14,888.1
11-Jan-14,896.9
10-Jan-14,834.7
9-Jan-14,850
8-Jan-14,828.5
7-Jan-14,791
6-Jan-14,934.5
5-Jan-14,904
4-Jan-14,801.8
3-Jan-14,812.1
2-Jan-14,775
1-Jan-14,740.3
31-Dec-13,727.7
30-Dec-13,737.2
29-Dec-13,714.3
28-Dec-13,701
27-Dec-13,718.9
26-Dec-13,740
24-Dec-13,647.3
23-Dec-13,640.4
22-Dec-13,622.1
21-Dec-13,607.7
20-Dec-13,599
19-Dec-13,702
18-Dec-13,551.4
17-Dec-13,731.9
16-Dec-13,704.8
15-Dec-13,864.9
14-Dec-13,897.9
13-Dec-13,912.6
12-Dec-13,900.5
11-Dec-13,921.8
10-Dec-13,1023
9-Dec-13,935.8
8-Dec-13,730
7-Dec-13,800.6
6-Dec-13,872.6
5-Dec-13,1030.6
4-Dec-13,1145
3-Dec-13,1048
2-Dec-13,998.1
1-Dec-13,955
30-Nov-13,1112.4
29-Nov-13,1107.5
28-Nov-13,1010
27-Nov-13,948
26-Nov-13,849.6
25-Nov-13,782.8
24-Nov-13,813.7
23-Nov-13,842.2
22-Nov-13,760
21-Nov-13,700
20-Nov-13,550
19-Nov-13,599
18-Nov-13,585.2
17-Nov-13,473.3
16-Nov-13,435.3
15-Nov-13,400
14-Nov-13,418
13-Nov-13,387.7
12-Nov-13,350.2
11-Nov-13,338.6
10-Nov-13,311.9
9-Nov-13,336.1
8-Nov-13,323.8
7-Nov-13,283.3
6-Nov-13,253.7
5-Nov-13,239.3
4-Nov-13,225.2
3-Nov-13,207.6
2-Nov-13,200.9
1-Nov-13,198.5
31-Oct-13,198.2
30-Oct-13,194.6
29-Oct-13,198.2
28-Oct-13,187.9
27-Oct-13,185.7
26-Oct-13,175.9
25-Oct-13,178.1
24-Oct-13,183.1
23-Oct-13,200.6
22-Oct-13,183.9
21-Oct-13,174.2
20-Oct-13,163.1
19-Oct-13,159.8
18-Oct-13,149.6
17-Oct-13,142.7
16-Oct-13,137.4
15-Oct-13,138.6
14-Oct-13,133
13-Oct-13,130.4
12-Oct-13,126.5
11-Oct-13,125.5
10-Oct-13,125.7
9-Oct-13,125.8
8-Oct-13,124.3
7-Oct-13,123.2
6-Oct-13,121.7
5-Oct-13,121.1
4-Oct-13,121.3
3-Oct-13,116.8
2-Oct-13,99.8
1-Oct-13,125.5
30-Sep-13,123.1
29-Sep-13,125.2
28-Sep-13,124.8
27-Sep-13,123.5
26-Sep-13,123.5
25-Sep-13,123.4
24-Sep-13,122.5
23-Sep-13,122.2
22-Sep-13,122.7
21-Sep-13,122.6
20-Sep-13,122.9
19-Sep-13,124.2
18-Sep-13,126.3
17-Sep-13,126
16-Sep-13,125.1
15-Sep-13,124.6
14-Sep-13,124.1
13-Sep-13,126.5
12-Sep-13,125.8
11-Sep-13,125.4
10-Sep-13,121.5
9-Sep-13,120
8-Sep-13,116.6
7-Sep-13,119.1
6-Sep-13,116.3
5-Sep-13,120.5
4-Sep-13,120.6
3-Sep-13,127.6
2-Sep-13,127.4
1-Sep-13,128.3
31-Aug-13,129.5
30-Aug-13,123.2
29-Aug-13,117.5
28-Aug-13,117.6
27-Aug-13,117.4
26-Aug-13,112.2
25-Aug-13,111.8
24-Aug-13,108.7
23-Aug-13,107.6
22-Aug-13,109.7
21-Aug-13,111.4
20-Aug-13,105
19-Aug-13,102.3
18-Aug-13,98.8
17-Aug-13,99.6
16-Aug-13,98.3
15-Aug-13,97.5
14-Aug-13,98
13-Aug-13,97.9
12-Aug-13,95.1
11-Aug-13,94.2
10-Aug-13,93.3
9-Aug-13,93.4
8-Aug-13,94.8
7-Aug-13,96.9
6-Aug-13,97.1
5-Aug-13,96.9
4-Aug-13,96.6
3-Aug-13,96.7
2-Aug-13,97.2
1-Aug-13,96.4
31-Jul-13,97.9
30-Jul-13,96.3
29-Jul-13,93.3
28-Jul-13,92.1
27-Jul-13,89.1
26-Jul-13,90.6
25-Jul-13,89.4
24-Jul-13,87.5
23-Jul-13,86.9
22-Jul-13,86.1
21-Jul-13,85.5
20-Jul-13,85.7
19-Jul-13,85.8
18-Jul-13,85.4
17-Jul-13,90.5
16-Jul-13,92.7
15-Jul-13,93.1
14-Jul-13,90.4
13-Jul-13,91.4
12-Jul-13,88.5
11-Jul-13,91.2
10-Jul-13,84.5
9-Jul-13,74.2
8-Jul-13,74.6
7-Jul-13,72.5
6-Jul-13,66.8
5-Jul-13,66.3
4-Jul-13,77.7
3-Jul-13,76.9
2-Jul-13,87.7
1-Jul-13,84.6
30-Jun-13,97.5
29-Jun-13,95
28-Jun-13,94.7
27-Jun-13,101.7
26-Jun-13,104
25-Jun-13,103.3
24-Jun-13,102.1
23-Jun-13,107.9
22-Jun-13,108.2
21-Jun-13,109.5
20-Jun-13,111.3
19-Jun-13,108.3
18-Jun-13,107.3
17-Jun-13,101.9
16-Jun-13,99.9
15-Jun-13,99.8
14-Jun-13,100
13-Jun-13,103.9
12-Jun-13,108.8
11-Jun-13,109
10-Jun-13,106.3
9-Jun-13,100.4
8-Jun-13,107.9
7-Jun-13,111
6-Jun-13,119
5-Jun-13,121.9
4-Jun-13,121.4
3-Jun-13,120.7
2-Jun-13,122.5
1-Jun-13,129.3
31-May-13,128.8
30-May-13,128.8
29-May-13,132.3
28-May-13,129
27-May-13,129.8
26-May-13,133.5
25-May-13,132
24-May-13,133.1
23-May-13,126.3
22-May-13,123.8
21-May-13,122.9
20-May-13,122
19-May-13,122.5
18-May-13,123.2
17-May-13,123.5
16-May-13,118.2
15-May-13,114.2
14-May-13,111.4
13-May-13,118
12-May-13,114.8
11-May-13,115.6
10-May-13,117.7
9-May-13,112.8
8-May-13,113.2
7-May-13,109.6
6-May-13,112.3
5-May-13,116
4-May-13,112.9
3-May-13,98.1
2-May-13,106.3
1-May-13,116.4
30-Apr-13,139.2
29-Apr-13,144
28-Apr-13,134.4
27-Apr-13,128
26-Apr-13,136.9
25-Apr-13,141.7
24-Apr-13,154.2
23-Apr-13,143.5
22-Apr-13,127.4
21-Apr-13,119.2
20-Apr-13,126.6
19-Apr-13,118.5
18-Apr-13,109
17-Apr-13,93.1
16-Apr-13,68.4
15-Apr-13,82.4
14-Apr-13,90
13-Apr-13,93
12-Apr-13,117
11-Apr-13,124.9
10-Apr-13,165
9-Apr-13,230
8-Apr-13,187.5
7-Apr-13,162.3
6-Apr-13,142.6
5-Apr-13,142.3
4-Apr-13,132.1
3-Apr-13,135
2-Apr-13,118
1-Apr-13,104
31-Mar-13,93
30-Mar-13,92.2
29-Mar-13,90.5
28-Mar-13,86.2
27-Mar-13,88.9
26-Mar-13,78.5
25-Mar-13,73.6
24-Mar-13,71.5
23-Mar-13,64.3
22-Mar-13,69.9
21-Mar-13,70.8
20-Mar-13,64.5
19-Mar-13,59.1
18-Mar-13,51.6
17-Mar-13,47.4
16-Mar-13,47
15-Mar-13,47
14-Mar-13,47.2
13-Mar-13,46.9
12-Mar-13,44.3
11-Mar-13,48.4
10-Mar-13,46
9-Mar-13,46.8
8-Mar-13,44.2
7-Mar-13,42
6-Mar-13,41
5-Mar-13,40.3
4-Mar-13,36.2
3-Mar-13,34.5
2-Mar-13,34.3
1-Mar-13,34.5
28-Feb-13,33.4
27-Feb-13,30.9
26-Feb-13,31.1
25-Feb-13,30.4
24-Feb-13,29.9
23-Feb-13,29.8
22-Feb-13,30.3
21-Feb-13,29.8
20-Feb-13,29.6
19-Feb-13,29.4
18-Feb-13,27
17-Feb-13,26.8
16-Feb-13,27.2
15-Feb-13,27.1
14-Feb-13,27.2
13-Feb-13,24.2
12-Feb-13,25.2
11-Feb-13,24.6
10-Feb-13,24
9-Feb-13,23.6
8-Feb-13,22.7
7-Feb-13,22.1
6-Feb-13,21.2
5-Feb-13,20.6
4-Feb-13,20.4
3-Feb-13,20.6
2-Feb-13,19.6
1-Feb-13,20.5
31-Jan-13,20.4
30-Jan-13,19.7
29-Jan-13,19.5
28-Jan-13,18.7
27-Jan-13,17.8
26-Jan-13,17.9
25-Jan-13,17.4
24-Jan-13,16.9
23-Jan-13,17.5
22-Jan-13,17.3
21-Jan-13,16.8
20-Jan-13,15.7
19-Jan-13,15.6
18-Jan-13,15.7
17-Jan-13,15.5
16-Jan-13,14.7
15-Jan-13,14.3
14-Jan-13,14.3
13-Jan-13,14.1
12-Jan-13,14.2
11-Jan-13,14.1
10-Jan-13,14.1
9-Jan-13,13.8
8-Jan-13,13.7
7-Jan-13,13.6
6-Jan-13,13.4
5-Jan-13,13.4
4-Jan-13,13.5
3-Jan-13,13.4
2-Jan-13,13.3
1-Jan-13,13.3
31-Dec-12,13.5
30-Dec-12,13.4
29-Dec-12,13.4
28-Dec-12,13.4
27-Dec-12,13.4
26-Dec-12,13.5
25-Dec-12,13.4
24-Dec-12,13.4
23-Dec-12,13.3
22-Dec-12,13.4
21-Dec-12,13.5
20-Dec-12,13.5
19-Dec-12,13.6
18-Dec-12,13.3
17-Dec-12,13.3
16-Dec-12,13.3
15-Dec-12,13.5
14-Dec-12,13.6
13-Dec-12,13.7
12-Dec-12,13.7
11-Dec-12,13.6
10-Dec-12,13.4
9-Dec-12,13.4
8-Dec-12,13.4
7-Dec-12,13.5
6-Dec-12,13.3
5-Dec-12,13.4
4-Dec-12,13.4
3-Dec-12,12.7
2-Dec-12,12.5
1-Dec-12,12.6
30-Nov-12,12.6
29-Nov-12,12.4
28-Nov-12,12.4
27-Nov-12,12.2
26-Nov-12,12.3
25-Nov-12,12.5
24-Nov-12,12.4
23-Nov-12,12.3
22-Nov-12,12.4
21-Nov-12,11.8
20-Nov-12,11.7
19-Nov-12,11.8
18-Nov-12,11.6
17-Nov-12,11.8
16-Nov-12,11.8
15-Nov-12,11.2
14-Nov-12,10.9
13-Nov-12,10.9
12-Nov-12,11
11-Nov-12,10.9
10-Nov-12,10.9
9-Nov-12,10.8
8-Nov-12,10.9
7-Nov-12,10.9
6-Nov-12,10.9
5-Nov-12,10.8
4-Nov-12,10.8
3-Nov-12,10.6
2-Nov-12,10.5
1-Nov-12,10.6
31-Oct-12,11.2
30-Oct-12,10.9
29-Oct-12,10.6
28-Oct-12,10.7
27-Oct-12,10.3
26-Oct-12,10.2
25-Oct-12,10.9
24-Oct-12,11.6
23-Oct-12,11.6
22-Oct-12,11.7
21-Oct-12,11.6
20-Oct-12,11.7
19-Oct-12,11.7
18-Oct-12,11.9
17-Oct-12,11.8
16-Oct-12,11.9
15-Oct-12,11.8
14-Oct-12,11.7
13-Oct-12,11.9
12-Oct-12,12
11-Oct-12,12
10-Oct-12,12.1
9-Oct-12,11.9
8-Oct-12,11.8
7-Oct-12,11.8
6-Oct-12,12.5
5-Oct-12,12.7
4-Oct-12,12.9
3-Oct-12,12.9
2-Oct-12,12.8
1-Oct-12,12.4
30-Sep-12,12.4
29-Sep-12,12.4
28-Sep-12,12.4
27-Sep-12,12.3
26-Sep-12,12.3
25-Sep-12,12.2
24-Sep-12,12.1
23-Sep-12,12.2
22-Sep-12,12.2
21-Sep-12,12.4
20-Sep-12,12.3
19-Sep-12,12.6
18-Sep-12,12.3
17-Sep-12,11.9
16-Sep-12,11.9
15-Sep-12,11.8
14-Sep-12,11.7
13-Sep-12,11.4
12-Sep-12,11.4
11-Sep-12,11.3
10-Sep-12,11.2
9-Sep-12,11
8-Sep-12,11
7-Sep-12,11
6-Sep-12,11.2
5-Sep-12,11
4-Sep-12,10.4
3-Sep-12,10.5
2-Sep-12,10.2
1-Sep-12,10
31-Aug-12,10.2
30-Aug-12,10.8
29-Aug-12,10.9
28-Aug-12,10.9
27-Aug-12,10.9
26-Aug-12,10.6
25-Aug-12,10.5
24-Aug-12,10.6
23-Aug-12,10.1
22-Aug-12,9.8
21-Aug-12,9.9
20-Aug-12,10.1
19-Aug-12,8
18-Aug-12,11.6
17-Aug-12,11.6
16-Aug-12,13.5
15-Aug-12,13.3
14-Aug-12,12.2
13-Aug-12,12
12-Aug-12,11.6
11-Aug-12,11.5
10-Aug-12,11.4
9-Aug-12,11.1
8-Aug-12,11.1
7-Aug-12,11.1
6-Aug-12,10.9
5-Aug-12,10.9
4-Aug-12,11
3-Aug-12,11
2-Aug-12,10.5
1-Aug-12,9.6
31-Jul-12,9.4
30-Jul-12,9.1
29-Jul-12,8.7
28-Jul-12,8.9
27-Jul-12,8.9
26-Jul-12,8.9
25-Jul-12,8.8
24-Jul-12,8.6
23-Jul-12,8.4
22-Jul-12,8.4
21-Jul-12,8.9
20-Jul-12,8.5
19-Jul-12,8.9
18-Jul-12,9.1
17-Jul-12,8.8
16-Jul-12,8.5
15-Jul-12,7.6
14-Jul-12,7.5
13-Jul-12,7.7
12-Jul-12,7.8
11-Jul-12,7.2
10-Jul-12,7.2
9-Jul-12,7
8-Jul-12,6.8
7-Jul-12,6.8
6-Jul-12,6.7
5-Jul-12,6.7
4-Jul-12,6.5
3-Jul-12,6.4
2-Jul-12,6.8
1-Jul-12,6.6
30-Jun-12,6.7
29-Jun-12,6.7
28-Jun-12,6.6
27-Jun-12,6.7
26-Jun-12,6.4
25-Jun-12,6.3
24-Jun-12,6.3
23-Jun-12,6.4
22-Jun-12,6.6
21-Jun-12,6.7
20-Jun-12,6.7
19-Jun-12,6.5
18-Jun-12,6.3
17-Jun-12,6.2
16-Jun-12,6.4
15-Jun-12,6.5
14-Jun-12,5.9
13-Jun-12,5.9
12-Jun-12,5.7
11-Jun-12,5.6
10-Jun-12,5.5
9-Jun-12,5.6
8-Jun-12,5.6
7-Jun-12,5.6
6-Jun-12,5.5
5-Jun-12,5.4
4-Jun-12,5.3
3-Jun-12,5.2
2-Jun-12,5.3
1-Jun-12,5.3
31-May-12,5.2
30-May-12,5.1
29-May-12,5.2
28-May-12,5.1
27-May-12,5.1
26-May-12,5.1
25-May-12,5.2
24-May-12,5.1
23-May-12,5.1
22-May-12,5.1
21-May-12,5.1
20-May-12,5.1
19-May-12,5.1
18-May-12,5.1
17-May-12,5.1
16-May-12,5.1
15-May-12,5
14-May-12,5
13-May-12,4.9
12-May-12,4.9
11-May-12,5
10-May-12,4.8
9-May-12,5
8-May-12,5.1
7-May-12,5.1
6-May-12,5.1
5-May-12,5.1
4-May-12,5.1
3-May-12,5.1
2-May-12,5.1
1-May-12,5
30-Apr-12,4.9
29-Apr-12,4.9
28-Apr-12,5
27-Apr-12,5.1
26-Apr-12,5.1
25-Apr-12,5.1
24-Apr-12,5.1
23-Apr-12,5
22-Apr-12,5.2
21-Apr-12,5.3
20-Apr-12,5.3
19-Apr-12,5.1
18-Apr-12,5.1
17-Apr-12,5
16-Apr-12,4.9
15-Apr-12,5
14-Apr-12,5
13-Apr-12,4.9
12-Apr-12,4.9
11-Apr-12,4.9
10-Apr-12,4.8
9-Apr-12,4.9
8-Apr-12,4.8
7-Apr-12,4.7
6-Apr-12,4.9
5-Apr-12,4.9
4-Apr-12,4.9
3-Apr-12,4.9
2-Apr-12,5
1-Apr-12,4.8
31-Mar-12,4.9
30-Mar-12,4.9
29-Mar-12,4.8
28-Mar-12,4.8
27-Mar-12,4.8
26-Mar-12,4.6
25-Mar-12,4.6
24-Mar-12,4.7
23-Mar-12,4.7
22-Mar-12,4.7
21-Mar-12,4.8
20-Mar-12,4.8
19-Mar-12,4.7
18-Mar-12,5.3
17-Mar-12,5.2
16-Mar-12,5.3
15-Mar-12,5.3
14-Mar-12,5.4
13-Mar-12,5.3
12-Mar-12,4.9
11-Mar-12,4.9
10-Mar-12,4.8
9-Mar-12,4.9
8-Mar-12,4.9
7-Mar-12,4.9
6-Mar-12,5
5-Mar-12,5
4-Mar-12,4.8
3-Mar-12,4.6
2-Mar-12,4.7
1-Mar-12,4.9
29-Feb-12,4.9
28-Feb-12,4.9
27-Feb-12,5
26-Feb-12,4.9
25-Feb-12,4.8
24-Feb-12,5
23-Feb-12,5
22-Feb-12,4.4
21-Feb-12,4.3
20-Feb-12,4.4
19-Feb-12,4.4
18-Feb-12,4.2
17-Feb-12,4.4
16-Feb-12,4.3
15-Feb-12,4.3
14-Feb-12,4.5
13-Feb-12,5.3
12-Feb-12,5.5
11-Feb-12,5.6
10-Feb-12,5.9
9-Feb-12,5.8
8-Feb-12,5.6
7-Feb-12,5.7
6-Feb-12,5.4
5-Feb-12,5.7
4-Feb-12,5.9
3-Feb-12,6
2-Feb-12,6.1